<?xml version="1.0" encoding="UTF-8"?>
<GenRun Id="impl_1" LaunchPart="xc7z007sclg400-1" LaunchTime="1715902018">
  <File Type="ROUTE-PWR" Name="everything_power_routed.rpt"/>
  <File Type="PA-TCL" Name="everything.tcl"/>
  <File Type="ROUTE-PWR-SUM" Name="everything_power_summary_routed.pb"/>
  <File Type="REPORTS-TCL" Name="everything_reports.tcl"/>
  <File Type="BITSTR-MSK" Name="everything.msk"/>
  <File Type="ROUTE-CLK" Name="everything_clock_utilization_routed.rpt"/>
  <File Type="RDI-RDI" Name="everything.vdi"/>
  <File Type="POSTROUTE-PHYSOPT-BUS-SKEW-PB" Name="everything_bus_skew_postroute_physopted.pb"/>
  <File Type="BG-BIT" Name="everything.bit"/>
  <File Type="BG-DRC" Name="everything.drc"/>
  <File Type="BG-BGN" Name="everything.bgn"/>
  <File Type="BG-BIN" Name="everything.bin"/>
  <File Type="BITSTR-RBT" Name="everything.rbt"/>
  <File Type="BITSTR-NKY" Name="everything.nky"/>
  <File Type="BITSTR-BMM" Name="everything_bd.bmm"/>
  <File Type="BITSTR-MMI" Name="everything.mmi"/>
  <File Type="ROUTE-METHODOLOGY-DRC" Name="everything_methodology_drc_routed.rpt"/>
  <File Type="BITSTR-SYSDEF" Name="everything.sysdef"/>
  <File Type="BITSTR-LTX" Name="debug_nets.ltx"/>
  <File Type="BITSTR-LTX" Name="everything.ltx"/>
  <File Type="WBT-USG" Name="usage_statistics_webtalk.html"/>
  <File Type="OPT-DRC" Name="everything_drc_opted.rpt"/>
  <File Type="OPT-HWDEF" Name="everything.hwdef"/>
  <File Type="PLACE-IO" Name="everything_io_placed.rpt"/>
  <File Type="PLACE-UTIL" Name="everything_utilization_placed.rpt"/>
  <File Type="PLACE-UTIL-PB" Name="everything_utilization_placed.pb"/>
  <File Type="PLACE-CTRL" Name="everything_control_sets_placed.rpt"/>
  <File Type="PLACE-PRE-SIMILARITY" Name="everything_incremental_reuse_pre_placed.rpt"/>
  <File Type="ROUTE-DRC" Name="everything_drc_routed.rpt"/>
  <File Type="ROUTE-DRC-PB" Name="everything_drc_routed.pb"/>
  <File Type="ROUTE-PWR-RPX" Name="everything_power_routed.rpx"/>
  <File Type="ROUTE-STATUS" Name="everything_route_status.rpt"/>
  <File Type="ROUTE-STATUS-PB" Name="everything_route_status.pb"/>
  <File Type="ROUTE-DCP" Name="everything_routed.dcp"/>
  <File Type="ROUTE-ERROR-DCP" Name="everything_routed_error.dcp"/>
  <File Type="ROUTE-BLACKBOX-DCP" Name="everything_routed_bb.dcp"/>
  <File Type="ROUTE-TIMINGSUMMARY" Name="everything_timing_summary_routed.rpt"/>
  <File Type="ROUTE-TIMING-PB" Name="everything_timing_summary_routed.pb"/>
  <File Type="ROUTE-TIMING-RPX" Name="everything_timing_summary_routed.rpx"/>
  <File Type="ROUTE-SIMILARITY" Name="everything_incremental_reuse_routed.rpt"/>
  <File Type="ROUTE-BUS-SKEW" Name="everything_bus_skew_routed.rpt"/>
  <File Type="ROUTE-BUS-SKEW-PB" Name="everything_bus_skew_routed.pb"/>
  <File Type="ROUTE-BUS-SKEW-RPX" Name="everything_bus_skew_routed.rpx"/>
  <File Type="OPT-DCP" Name="everything_opt.dcp"/>
  <File Type="PLACE-DCP" Name="everything_placed.dcp"/>
  <File Type="PWROPT-DCP" Name="everything_pwropt.dcp"/>
  <File Type="POSTPLACE-PWROPT-DCP" Name="everything_postplace_pwropt.dcp"/>
  <File Type="PHYSOPT-DCP" Name="everything_physopt.dcp"/>
  <File Type="POSTROUTE-PHYSOPT-DCP" Name="everything_postroute_physopt.dcp"/>
  <File Type="POSTROUTE-PHYSOPT-BLACKBOX-DCP" Name="everything_postroute_physopt_bb.dcp"/>
  <File Type="POSTROUTE-PHYSOPT-TIMING" Name="everything_timing_summary_postroute_physopted.rpt"/>
  <File Type="POSTROUTE-PHYSOPT-TIMING-PB" Name="everything_timing_summary_postroute_physopted.pb"/>
  <File Type="POSTROUTE-PHYSOPT-TIMING-RPX" Name="everything_timing_summary_postroute_physopted.rpx"/>
  <File Type="POSTROUTE-PHYSOPT-BUS-SKEW" Name="everything_bus_skew_postroute_physopted.rpt"/>
  <File Type="POSTROUTE-PHYSOPT-BUS-SKEW-RPX" Name="everything_bus_skew_postroute_physopted.rpx"/>
  <File Type="ROUTE-METHODOLOGY-DRC-PB" Name="everything_methodology_drc_routed.pb"/>
  <File Type="ROUTE-DRC-RPX" Name="everything_drc_routed.rpx"/>
  <File Type="ROUTE-METHODOLOGY-DRC-RPX" Name="everything_methodology_drc_routed.rpx"/>
  <File Type="PDI-FILE" Name="everything.pdi"/>
  <File Type="BOOT-PDI-FILE" Name="everything_boot.pdi"/>
  <File Type="PL-PDI-FILE" Name="everything_pld.pdi"/>
  <File Type="RCFI_FILE" Name="everything.rcfi"/>
  <File Type="CFI_FILE" Name="everything.cfi"/>
  <File Type="RNPI_FILE" Name="everything.rnpi"/>
  <File Type="NPI_FILE" Name="everything.npi"/>
  <File Type="RBD_FILE" Name="everything.rbd"/>
  <File Type="ROUTE-RQS" Name="everything_routed.rqs"/>
  <File Type="POSTROUTE-PHYSOPT-RQS" Name="everything_postroute_physopted.rqs"/>
  <File Type="ROUTE-RQS-RPT" Name="route_report_qor_suggestions_0.rpt"/>
  <File Type="POSTROUTE-PHYSOPT-RQS-RPT" Name="postroute_physopt_report_qor_suggestions_0.rpt"/>
  <FileSet Name="sources" Type="DesignSrcs" RelSrcDir="$PSRCDIR/sources_1" RelGenDir="$PGENDIR/sources_1">
    <Filter Type="Srcs"/>
    <File Path="$PSRCDIR/sources_1/new/LED_Control.v">
      <FileInfo>
        <Attr Name="ImportPath" Val="E:/178Labs/ATM_Project/ATM_Project.srcs/sources_1/new/LED_Control.v"/>
        <Attr Name="ImportTime" Val="1715901430"/>
        <Attr Name="UsedIn" Val="synthesis"/>
        <Attr Name="UsedIn" Val="implementation"/>
        <Attr Name="UsedIn" Val="simulation"/>
      </FileInfo>
    </File>
    <File Path="$PSRCDIR/sources_1/new/MUX.v">
      <FileInfo>
        <Attr Name="ImportPath" Val="E:/178Labs/ATM_Project/ATM_Project.srcs/sources_1/new/MUX.v"/>
        <Attr Name="ImportTime" Val="1715901430"/>
        <Attr Name="UsedIn" Val="synthesis"/>
        <Attr Name="UsedIn" Val="implementation"/>
        <Attr Name="UsedIn" Val="simulation"/>
      </FileInfo>
    </File>
    <File Path="$PSRCDIR/sources_1/imports/lab7/chatter.v">
      <FileInfo>
        <Attr Name="ImportPath" Val="E:/178Labs/lab7/lab7.srcs/sources_1/imports/lab7/chatter.v"/>
        <Attr Name="ImportTime" Val="1715027428"/>
        <Attr Name="UsedIn" Val="synthesis"/>
        <Attr Name="UsedIn" Val="implementation"/>
        <Attr Name="UsedIn" Val="simulation"/>
      </FileInfo>
    </File>
    <File Path="$PSRCDIR/sources_1/new/confirm.v">
      <FileInfo>
        <Attr Name="ImportPath" Val="E:/178Labs/ATM_Project/ATM_Project.srcs/sources_1/new/confirm.v"/>
        <Attr Name="ImportTime" Val="1715901580"/>
        <Attr Name="UsedIn" Val="synthesis"/>
        <Attr Name="UsedIn" Val="implementation"/>
        <Attr Name="UsedIn" Val="simulation"/>
      </FileInfo>
    </File>
    <File Path="$PSRCDIR/sources_1/imports/lab7/dac.v">
      <FileInfo>
        <Attr Name="ImportPath" Val="E:/178Labs/lab7/lab7.srcs/sources_1/imports/lab7/dac.v"/>
        <Attr Name="ImportTime" Val="1715027428"/>
        <Attr Name="UsedIn" Val="synthesis"/>
        <Attr Name="UsedIn" Val="implementation"/>
        <Attr Name="UsedIn" Val="simulation"/>
      </FileInfo>
    </File>
    <File Path="$PSRCDIR/sources_1/new/display.v">
      <FileInfo>
        <Attr Name="ImportPath" Val="E:/178Labs/ATM_Project/ATM_Project.srcs/sources_1/new/display.v"/>
        <Attr Name="ImportTime" Val="1715897446"/>
        <Attr Name="UsedIn" Val="synthesis"/>
        <Attr Name="UsedIn" Val="implementation"/>
        <Attr Name="UsedIn" Val="simulation"/>
      </FileInfo>
    </File>
    <File Path="$PSRCDIR/sources_1/new/four.v">
      <FileInfo>
        <Attr Name="ImportPath" Val="E:/178Labs/ATM_Project/ATM_Project.srcs/sources_1/new/four.v"/>
        <Attr Name="ImportTime" Val="1715901430"/>
        <Attr Name="UsedIn" Val="synthesis"/>
        <Attr Name="UsedIn" Val="implementation"/>
        <Attr Name="UsedIn" Val="simulation"/>
      </FileInfo>
    </File>
    <File Path="$PSRCDIR/sources_1/imports/lab7/fsm.v">
      <FileInfo>
        <Attr Name="ImportPath" Val="E:/178Labs/lab7/lab7.srcs/sources_1/imports/lab7/fsm.v"/>
        <Attr Name="ImportTime" Val="1715031064"/>
        <Attr Name="UsedIn" Val="synthesis"/>
        <Attr Name="UsedIn" Val="implementation"/>
        <Attr Name="UsedIn" Val="simulation"/>
      </FileInfo>
    </File>
    <File Path="$PSRCDIR/sources_1/new/narrator.v">
      <FileInfo>
        <Attr Name="ImportPath" Val="E:/178Labs/ATM_Project/ATM_Project.srcs/sources_1/new/narrator.v"/>
        <Attr Name="ImportTime" Val="1715901592"/>
        <Attr Name="UsedIn" Val="synthesis"/>
        <Attr Name="UsedIn" Val="implementation"/>
        <Attr Name="UsedIn" Val="simulation"/>
      </FileInfo>
    </File>
    <File Path="$PSRCDIR/sources_1/new/one.v">
      <FileInfo>
        <Attr Name="ImportPath" Val="E:/178Labs/ATM_Project/ATM_Project.srcs/sources_1/new/one.v"/>
        <Attr Name="ImportTime" Val="1715899550"/>
        <Attr Name="UsedIn" Val="synthesis"/>
        <Attr Name="UsedIn" Val="implementation"/>
        <Attr Name="UsedIn" Val="simulation"/>
      </FileInfo>
    </File>
    <File Path="$PSRCDIR/sources_1/new/pulse.v">
      <FileInfo>
        <Attr Name="ImportPath" Val="E:/178Labs/ATM_Project/ATM_Project.srcs/sources_1/new/pulse.v"/>
        <Attr Name="ImportTime" Val="1715902018"/>
        <Attr Name="UsedIn" Val="synthesis"/>
        <Attr Name="UsedIn" Val="implementation"/>
        <Attr Name="UsedIn" Val="simulation"/>
      </FileInfo>
    </File>
    <File Path="$PSRCDIR/sources_1/new/three.v">
      <FileInfo>
        <Attr Name="ImportPath" Val="E:/178Labs/ATM_Project/ATM_Project.srcs/sources_1/new/three.v"/>
        <Attr Name="ImportTime" Val="1715901430"/>
        <Attr Name="UsedIn" Val="synthesis"/>
        <Attr Name="UsedIn" Val="implementation"/>
        <Attr Name="UsedIn" Val="simulation"/>
      </FileInfo>
    </File>
    <File Path="$PSRCDIR/sources_1/new/two.v">
      <FileInfo>
        <Attr Name="ImportPath" Val="E:/178Labs/ATM_Project/ATM_Project.srcs/sources_1/new/two.v"/>
        <Attr Name="ImportTime" Val="1715901430"/>
        <Attr Name="UsedIn" Val="synthesis"/>
        <Attr Name="UsedIn" Val="implementation"/>
        <Attr Name="UsedIn" Val="simulation"/>
      </FileInfo>
    </File>
    <File Path="$PSRCDIR/sources_1/new/everything.v">
      <FileInfo>
        <Attr Name="ImportPath" Val="E:/178Labs/ATM_Project/ATM_Project.srcs/sources_1/new/everything.v"/>
        <Attr Name="ImportTime" Val="1715901434"/>
        <Attr Name="UsedIn" Val="synthesis"/>
        <Attr Name="UsedIn" Val="implementation"/>
        <Attr Name="UsedIn" Val="simulation"/>
      </FileInfo>
    </File>
    <File Path="$PSRCDIR/sources_1/imports/lab7/phonemes.coe">
      <FileInfo>
        <Attr Name="ImportPath" Val="E:/178Labs/lab7/lab7.srcs/sources_1/imports/lab7/phonemes.coe"/>
        <Attr Name="ImportTime" Val="1715027428"/>
        <Attr Name="UsedIn" Val="synthesis"/>
        <Attr Name="UsedIn" Val="simulation"/>
      </FileInfo>
    </File>
    <Config>
      <Option Name="DesignMode" Val="RTL"/>
      <Option Name="TopModule" Val="everything"/>
      <Option Name="TopAutoSet" Val="TRUE"/>
    </Config>
  </FileSet>
  <FileSet Name="constrs_in" Type="Constrs" RelSrcDir="$PSRCDIR/constrs_1" RelGenDir="$PGENDIR/constrs_1">
    <Filter Type="Constrs"/>
    <File Path="$PSRCDIR/constrs_1/new/const.xdc">
      <FileInfo>
        <Attr Name="ImportPath" Val="E:/178Labs/ATM_Project/ATM_Project.srcs/constrs_1/new/const.xdc"/>
        <Attr Name="ImportTime" Val="1715901580"/>
        <Attr Name="UsedIn" Val="synthesis"/>
        <Attr Name="UsedIn" Val="implementation"/>
      </FileInfo>
    </File>
    <Config>
      <Option Name="ConstrsType" Val="XDC"/>
    </Config>
  </FileSet>
  <FileSet Name="utils" Type="Utils" RelSrcDir="$PSRCDIR/utils_1" RelGenDir="$PGENDIR/utils_1">
    <Filter Type="Utils"/>
    <File Path="$PSRCDIR/utils_1/imports/synth_1/everything.dcp">
      <FileInfo>
        <Attr Name="ImportPath" Val="E:/178Labs/ATM_Project/ATM_Project.srcs/utils_1/imports/synth_1/everything.dcp"/>
        <Attr Name="ImportTime" Val="1715902020"/>
        <Attr Name="UsedIn" Val="synthesis"/>
        <Attr Name="UsedIn" Val="implementation"/>
        <Attr Name="UsedInSteps" Val="synth_1"/>
        <Attr Name="AutoDcp" Val="1"/>
      </FileInfo>
    </File>
    <Config>
      <Option Name="TopAutoSet" Val="TRUE"/>
    </Config>
  </FileSet>
  <Strategy Version="1" Minor="2">
    <StratHandle Name="Vivado Implementation Defaults" Flow="Vivado Implementation 2023"/>
    <Step Id="init_design"/>
    <Step Id="opt_design"/>
    <Step Id="power_opt_design"/>
    <Step Id="place_design"/>
    <Step Id="post_place_power_opt_design"/>
    <Step Id="phys_opt_design"/>
    <Step Id="route_design"/>
    <Step Id="post_route_phys_opt_design"/>
    <Step Id="write_bitstream"/>
    <Step Id="write_device_image"/>
  </Strategy>
  <BlockFileSet Type="BlockSrcs" Name="phonemes"/>
</GenRun>
