<?xml version="1.0" encoding="UTF-8"?>
<GenRun Id="synth_1" LaunchPart="xc7z007sclg400-1" LaunchTime="1715902018" LaunchIncrCheckpoint="$PSRCDIR/utils_1/imports/synth_1/everything.dcp">
  <File Type="PA-TCL" Name="everything.tcl"/>
  <File Type="REPORTS-TCL" Name="everything_reports.tcl"/>
  <File Type="RDS-RDS" Name="everything.vds"/>
  <File Type="RDS-UTIL" Name="everything_utilization_synth.rpt"/>
  <File Type="RDS-UTIL-PB" Name="everything_utilization_synth.pb"/>
  <File Type="RDS-DCP" Name="everything.dcp"/>
  <FileSet Name="sources" Type="DesignSrcs" RelSrcDir="$PSRCDIR/sources_1" RelGenDir="$PGENDIR/sources_1">
    <Filter Type="Srcs"/>
    <File Path="$PSRCDIR/sources_1/new/LED_Control.v">
      <FileInfo>
        <Attr Name="ImportPath" Val="E:/178Labs/ATM_Project/ATM_Project.srcs/sources_1/new/LED_Control.v"/>
        <Attr Name="ImportTime" Val="1715901430"/>
        <Attr Name="UsedIn" Val="synthesis"/>
        <Attr Name="UsedIn" Val="implementation"/>
        <Attr Name="UsedIn" Val="simulation"/>
      </FileInfo>
    </File>
    <File Path="$PSRCDIR/sources_1/new/MUX.v">
      <FileInfo>
        <Attr Name="ImportPath" Val="E:/178Labs/ATM_Project/ATM_Project.srcs/sources_1/new/MUX.v"/>
        <Attr Name="ImportTime" Val="1715901430"/>
        <Attr Name="UsedIn" Val="synthesis"/>
        <Attr Name="UsedIn" Val="implementation"/>
        <Attr Name="UsedIn" Val="simulation"/>
      </FileInfo>
    </File>
    <File Path="$PSRCDIR/sources_1/imports/lab7/chatter.v">
      <FileInfo>
        <Attr Name="ImportPath" Val="E:/178Labs/lab7/lab7.srcs/sources_1/imports/lab7/chatter.v"/>
        <Attr Name="ImportTime" Val="1715027428"/>
        <Attr Name="UsedIn" Val="synthesis"/>
        <Attr Name="UsedIn" Val="implementation"/>
        <Attr Name="UsedIn" Val="simulation"/>
      </FileInfo>
    </File>
    <File Path="$PSRCDIR/sources_1/new/confirm.v">
      <FileInfo>
        <Attr Name="ImportPath" Val="E:/178Labs/ATM_Project/ATM_Project.srcs/sources_1/new/confirm.v"/>
        <Attr Name="ImportTime" Val="1715901580"/>
        <Attr Name="UsedIn" Val="synthesis"/>
        <Attr Name="UsedIn" Val="implementation"/>
        <Attr Name="UsedIn" Val="simulation"/>
      </FileInfo>
    </File>
    <File Path="$PSRCDIR/sources_1/imports/lab7/dac.v">
      <FileInfo>
        <Attr Name="ImportPath" Val="E:/178Labs/lab7/lab7.srcs/sources_1/imports/lab7/dac.v"/>
        <Attr Name="ImportTime" Val="1715027428"/>
        <Attr Name="UsedIn" Val="synthesis"/>
        <Attr Name="UsedIn" Val="implementation"/>
        <Attr Name="UsedIn" Val="simulation"/>
      </FileInfo>
    </File>
    <File Path="$PSRCDIR/sources_1/new/display.v">
      <FileInfo>
        <Attr Name="ImportPath" Val="E:/178Labs/ATM_Project/ATM_Project.srcs/sources_1/new/display.v"/>
        <Attr Name="ImportTime" Val="1715897446"/>
        <Attr Name="UsedIn" Val="synthesis"/>
        <Attr Name="UsedIn" Val="implementation"/>
        <Attr Name="UsedIn" Val="simulation"/>
      </FileInfo>
    </File>
    <File Path="$PSRCDIR/sources_1/new/four.v">
      <FileInfo>
        <Attr Name="ImportPath" Val="E:/178Labs/ATM_Project/ATM_Project.srcs/sources_1/new/four.v"/>
        <Attr Name="ImportTime" Val="1715901430"/>
        <Attr Name="UsedIn" Val="synthesis"/>
        <Attr Name="UsedIn" Val="implementation"/>
        <Attr Name="UsedIn" Val="simulation"/>
      </FileInfo>
    </File>
    <File Path="$PSRCDIR/sources_1/imports/lab7/fsm.v">
      <FileInfo>
        <Attr Name="ImportPath" Val="E:/178Labs/lab7/lab7.srcs/sources_1/imports/lab7/fsm.v"/>
        <Attr Name="ImportTime" Val="1715031064"/>
        <Attr Name="UsedIn" Val="synthesis"/>
        <Attr Name="UsedIn" Val="implementation"/>
        <Attr Name="UsedIn" Val="simulation"/>
      </FileInfo>
    </File>
    <File Path="$PSRCDIR/sources_1/new/narrator.v">
      <FileInfo>
        <Attr Name="ImportPath" Val="E:/178Labs/ATM_Project/ATM_Project.srcs/sources_1/new/narrator.v"/>
        <Attr Name="ImportTime" Val="1715901592"/>
        <Attr Name="UsedIn" Val="synthesis"/>
        <Attr Name="UsedIn" Val="implementation"/>
        <Attr Name="UsedIn" Val="simulation"/>
      </FileInfo>
    </File>
    <File Path="$PSRCDIR/sources_1/new/one.v">
      <FileInfo>
        <Attr Name="ImportPath" Val="E:/178Labs/ATM_Project/ATM_Project.srcs/sources_1/new/one.v"/>
        <Attr Name="ImportTime" Val="1715899550"/>
        <Attr Name="UsedIn" Val="synthesis"/>
        <Attr Name="UsedIn" Val="implementation"/>
        <Attr Name="UsedIn" Val="simulation"/>
      </FileInfo>
    </File>
    <File Path="$PSRCDIR/sources_1/new/pulse.v">
      <FileInfo>
        <Attr Name="ImportPath" Val="E:/178Labs/ATM_Project/ATM_Project.srcs/sources_1/new/pulse.v"/>
        <Attr Name="ImportTime" Val="1715902018"/>
        <Attr Name="UsedIn" Val="synthesis"/>
        <Attr Name="UsedIn" Val="implementation"/>
        <Attr Name="UsedIn" Val="simulation"/>
      </FileInfo>
    </File>
    <File Path="$PSRCDIR/sources_1/new/three.v">
      <FileInfo>
        <Attr Name="ImportPath" Val="E:/178Labs/ATM_Project/ATM_Project.srcs/sources_1/new/three.v"/>
        <Attr Name="ImportTime" Val="1715901430"/>
        <Attr Name="UsedIn" Val="synthesis"/>
        <Attr Name="UsedIn" Val="implementation"/>
        <Attr Name="UsedIn" Val="simulation"/>
      </FileInfo>
    </File>
    <File Path="$PSRCDIR/sources_1/new/two.v">
      <FileInfo>
        <Attr Name="ImportPath" Val="E:/178Labs/ATM_Project/ATM_Project.srcs/sources_1/new/two.v"/>
        <Attr Name="ImportTime" Val="1715901430"/>
        <Attr Name="UsedIn" Val="synthesis"/>
        <Attr Name="UsedIn" Val="implementation"/>
        <Attr Name="UsedIn" Val="simulation"/>
      </FileInfo>
    </File>
    <File Path="$PSRCDIR/sources_1/new/everything.v">
      <FileInfo>
        <Attr Name="ImportPath" Val="E:/178Labs/ATM_Project/ATM_Project.srcs/sources_1/new/everything.v"/>
        <Attr Name="ImportTime" Val="1715901434"/>
        <Attr Name="UsedIn" Val="synthesis"/>
        <Attr Name="UsedIn" Val="implementation"/>
        <Attr Name="UsedIn" Val="simulation"/>
      </FileInfo>
    </File>
    <File Path="$PSRCDIR/sources_1/imports/lab7/phonemes.coe">
      <FileInfo>
        <Attr Name="ImportPath" Val="E:/178Labs/lab7/lab7.srcs/sources_1/imports/lab7/phonemes.coe"/>
        <Attr Name="ImportTime" Val="1715027428"/>
        <Attr Name="UsedIn" Val="synthesis"/>
        <Attr Name="UsedIn" Val="simulation"/>
      </FileInfo>
    </File>
    <Config>
      <Option Name="DesignMode" Val="RTL"/>
      <Option Name="TopModule" Val="everything"/>
      <Option Name="TopAutoSet" Val="TRUE"/>
    </Config>
  </FileSet>
  <FileSet Name="constrs_in" Type="Constrs" RelSrcDir="$PSRCDIR/constrs_1" RelGenDir="$PGENDIR/constrs_1">
    <Filter Type="Constrs"/>
    <File Path="$PSRCDIR/constrs_1/new/const.xdc">
      <FileInfo>
        <Attr Name="ImportPath" Val="E:/178Labs/ATM_Project/ATM_Project.srcs/constrs_1/new/const.xdc"/>
        <Attr Name="ImportTime" Val="1715901580"/>
        <Attr Name="UsedIn" Val="synthesis"/>
        <Attr Name="UsedIn" Val="implementation"/>
      </FileInfo>
    </File>
    <Config>
      <Option Name="ConstrsType" Val="XDC"/>
    </Config>
  </FileSet>
  <FileSet Name="utils" Type="Utils" RelSrcDir="$PSRCDIR/utils_1" RelGenDir="$PGENDIR/utils_1">
    <Filter Type="Utils"/>
    <File Path="$PSRCDIR/utils_1/imports/synth_1/everything.dcp">
      <FileInfo>
        <Attr Name="ImportPath" Val="E:/178Labs/ATM_Project/ATM_Project.srcs/utils_1/imports/synth_1/everything.dcp"/>
        <Attr Name="ImportTime" Val="1715902020"/>
        <Attr Name="UsedIn" Val="synthesis"/>
        <Attr Name="UsedIn" Val="implementation"/>
        <Attr Name="UsedInSteps" Val="synth_1"/>
        <Attr Name="AutoDcp" Val="1"/>
      </FileInfo>
    </File>
    <Config>
      <Option Name="TopAutoSet" Val="TRUE"/>
    </Config>
  </FileSet>
  <Strategy Version="1" Minor="2">
    <StratHandle Name="Vivado Synthesis Defaults" Flow="Vivado Synthesis 2023"/>
    <Step Id="synth_design"/>
  </Strategy>
  <BlockFileSet Type="BlockSrcs" Name="phonemes"/>
</GenRun>
