<?xml version="1.0" encoding="UTF-8"?>
<GenRun Id="phonemes_synth_1" LaunchPart="xc7z007sclg400-1" LaunchTime="1715898598">
  <File Type="PA-TCL" Name="phonemes.tcl"/>
  <File Type="REPORTS-TCL" Name="phonemes_reports.tcl"/>
  <File Type="RDS-RDS" Name="phonemes.vds"/>
  <File Type="RDS-UTIL" Name="phonemes_utilization_synth.rpt"/>
  <File Type="RDS-UTIL-PB" Name="phonemes_utilization_synth.pb"/>
  <File Type="RDS-DCP" Name="phonemes.dcp"/>
  <FileSet Name="sources" Type="BlockSrcs" RelSrcDir="$PSRCDIR/phonemes" RelGenDir="$PGENDIR/phonemes">
    <File Path="$PSRCDIR/sources_1/ip/phonemes/phonemes.xci">
      <FileInfo>
        <Attr Name="ImportPath" Val="E:/178Labs/ATM_Project/ATM_Project.srcs/sources_1/ip/phonemes/phonemes.xci"/>
        <Attr Name="ImportTime" Val="1715902151"/>
        <Attr Name="UsedIn" Val="synthesis"/>
        <Attr Name="UsedIn" Val="implementation"/>
        <Attr Name="UsedIn" Val="simulation"/>
      </FileInfo>
    </File>
    <Config>
      <Option Name="TopModule" Val="phonemes"/>
      <Option Name="UseBlackboxStub" Val="1"/>
    </Config>
  </FileSet>
  <FileSet Name="constrs_in" Type="BlockSrcs" RelSrcDir="$PSRCDIR/phonemes" RelGenDir="$PGENDIR/phonemes">
    <File Path="$PSRCDIR/sources_1/ip/phonemes/phonemes.xci">
      <FileInfo>
        <Attr Name="ImportPath" Val="E:/178Labs/ATM_Project/ATM_Project.srcs/sources_1/ip/phonemes/phonemes.xci"/>
        <Attr Name="ImportTime" Val="1715902151"/>
        <Attr Name="UsedIn" Val="synthesis"/>
        <Attr Name="UsedIn" Val="implementation"/>
        <Attr Name="UsedIn" Val="simulation"/>
      </FileInfo>
    </File>
    <Config>
      <Option Name="TopModule" Val="phonemes"/>
      <Option Name="UseBlackboxStub" Val="1"/>
    </Config>
  </FileSet>
  <FileSet Name="utils" Type="Utils" RelSrcDir="$PSRCDIR/utils_1" RelGenDir="$PGENDIR/utils_1">
    <Filter Type="Utils"/>
    <Config>
      <Option Name="TopAutoSet" Val="TRUE"/>
    </Config>
  </FileSet>
  <Strategy Version="1" Minor="2">
    <StratHandle Name="Vivado Synthesis Defaults" Flow="Vivado Synthesis 2023"/>
    <Step Id="synth_design"/>
  </Strategy>
</GenRun>
